145;"astroUNL.naap.NAAPTitleBar"
144;"NAAPTitleBar_backgroundSkin"
119;"FilterStrengthsChart"
115;"fl.controls.Button"
114;"Button_upSkin"
112;"Button_selectedUpSkin"
110;"Button_selectedOverSkin"
108;"Button_selectedDownSkin"
106;"Button_selectedDisabledSkin"
104;"Button_overSkin"
102;"Button_emphasizedSkin"
100;"Button_downSkin"
98;"Button_disabledSkin"
96;"ProtoSimpleSlider"
88;"TickmarkWithLabel"
85;"TickmarkWithoutLabel"
83;"fl.controls.Slider"
82;"SliderTrack_disabledSkin"
80;"SliderTick_skin"
78;"SliderTrack_skin"
76;"SliderThumb_disabledSkin"
74;"SliderThumb_downSkin"
72;"SliderThumb_overSkin"
70;"SliderThumb_upSkin"
68;"fl.controls.CheckBox"
67;"CheckBox_selectedDisabledIcon"
65;"CheckBox_selectedDownIcon"
64;"CheckBox_selectedOverIcon"
63;"CheckBox_selectedUpIcon"
60;"CheckBox_disabledIcon"
58;"CheckBox_downIcon"
56;"CheckBox_overIcon"
54;"CheckBox_upIcon"
52;"Verdana"
49;"NAAPDialogWindow_closeButtonIcon"
47;"NAAPDialogWindow_titleBarSkin"
45;"NAAPDialogWindow_closeButtonSkin"
43;"NAAP_focusRectSkin"
41;"Help"
38;"About"
28;"fl.controls.RadioButton"
27;"focusRectSkin"
25;"RadioButton_selectedDisabledIcon"
24;"RadioButton_selectedDownIcon"
23;"RadioButton_selectedOverIcon"
22;"RadioButton_selectedUpIcon"
18;"RadioButton_disabledIcon"
16;"RadioButton_downIcon"
14;"RadioButton_overIcon"
12;"RadioButton_upIcon"
10;"fl.core.ComponentShim"
7;"ProtoSimpleSliderMoonPhase"
4;"Bar"
0;"GalacticRedshift"
