1;"Slider Logic Class v6"
7;"Slider Fonts v6"
10;"Font Clip"
14;"Standard Slider v6"
20;"BoundingBox"
22;"BrdrShdw"
24;"BrdrFace"
25;"SimpleButtonDown"
27;"BrdrBlk"
29;"BrdrHilght"
30;"SimpleButtonIn"
31;"SimpleButtonUp"
32;"Defaults"
33;"UIObjectExtensions"
34;"UIObject"
39;"FocusRect"
40;"FocusManager"
41;"UIComponentExtensions"
42;"UIComponent"
43;"SimpleButton"
44;"Border"
45;"RectBorder"
46;"ButtonSkin"
47;"Button"
47;"Button"
70;"CheckFalseDisabled"
72;"CheckThemeColor1"
74;"CheckFalseDown"
75;"CheckFalseOver"
77;"CheckFalseUp"
79;"CheckTrueDisabled"
80;"CheckTrueDown"
81;"CheckTrueOver"
82;"CheckTrueUp"
83;"CheckBoxAssets"
84;"CheckBox"
84;"CheckBox"
14;"Standard Slider v6"
84;"CheckBox"
47;"Button"
15;"__Packages.mx.core.UIObject"
16;"__Packages.mx.core.UIComponent"
17;"__Packages.mx.controls.SimpleButton"
18;"__Packages.mx.controls.Button"
48;"__Packages.mx.skins.SkinElement"
49;"__Packages.mx.styles.CSSTextStyles"
50;"__Packages.mx.styles.StyleManager"
51;"__Packages.mx.styles.CSSStyleDeclaration"
52;"__Packages.mx.events.EventDispatcher"
53;"__Packages.mx.events.UIEventDispatcher"
54;"__Packages.mx.skins.ColoredSkinElement"
55;"__Packages.mx.core.ext.UIObjectExtensions"
56;"__Packages.mx.skins.halo.Defaults"
57;"__Packages.mx.managers.DepthManager"
58;"__Packages.mx.managers.SystemManager"
59;"__Packages.mx.managers.FocusManager"
60;"__Packages.mx.skins.halo.FocusRect"
61;"__Packages.mx.managers.OverlappedWindows"
62;"__Packages.mx.styles.CSSSetStyle"
63;"__Packages.mx.core.ext.UIComponentExtensions"
64;"__Packages.mx.skins.Border"
65;"__Packages.mx.skins.RectBorder"
66;"__Packages.mx.skins.halo.RectBorder"
67;"__Packages.mx.skins.halo.ButtonSkin"
68;"__Packages.mx.controls.CheckBox"
