119;"lunarPhaseQuizzer003_fla.LunarPhaseQuizzer_1"
118;"astroUNL.naap.NAAPTitleBar"
117;"NAAPTitleBar_backgroundSkin"
107;"moonPhaseImage"
104;"Diagram"
84;"Moon"
78;"Sunlight"
71;"NAAP_focusRectSkin"
69;"fl.controls.RadioButton"
68;"RadioButton_selectedDisabledIcon"
67;"RadioButton_selectedDownIcon"
66;"RadioButton_selectedOverIcon"
65;"RadioButton_selectedUpIcon"
61;"RadioButton_disabledIcon"
59;"RadioButton_downIcon"
57;"RadioButton_overIcon"
55;"RadioButton_upIcon"
53;"fl.controls.Button"
52;"focusRectSkin"
50;"Button_upSkin"
48;"Button_selectedUpSkin"
46;"Button_selectedOverSkin"
44;"Button_selectedDownSkin"
42;"Button_selectedDisabledSkin"
40;"Button_overSkin"
38;"Button_emphasizedSkin"
36;"Button_downSkin"
34;"Button_disabledSkin"
32;"fl.core.ComponentShim"
29;"ProtoSimpleSliderMoonPhase"
24;"Bar"
22;"Verdana"
19;"NAAPDialogWindow_closeButtonIcon"
17;"NAAPDialogWindow_titleBarSkin"
15;"NAAPDialogWindow_closeButtonSkin"
13;"Help"
10;"About"
