3;"FLabelSymbol"
4;"FUIComponentSymbol"
32;"fpb_states"
34;"fpb_hitArea"
57;"fcb_states"
58;"fcb_hitArea"
60;"Stickfigure"
66;"Direction Labels Light"
69;"Horizon Plane Label"
72;"Marker"
75;"Nadir Label"
78;"Zenith Label"
81;"Meridian Label"
82;"toFixed"
84;"DCS Label"
88;"AzAlt Draggable Star"
89;"CSGradientDisk"
91;"CSBelowHorizonPlane"
93;"CSAboveHorizonPlane"
94;"10 CS Declination Trails"
95;"9 CS Lines"
96;"8 CS Circles"
97;"7 CS Objects"
98;"6 CS Shading"
99;"5 CS Horizon Plane"
100;"4 CS Mouse"
101;"3 CS Geometry"
102;"2 CS Getter Setter"
103;"11 CS Shaded Bands"
104;"Slider Logic Class v6"
109;"Slider Fonts v6"
116;"About"
117;"Dialog Window v2"
119;"Help"
122;"Mini About Link"
124;"Mini Link"
130;"Dialog Window Close Button"
132;"Interface Font"
134;"Dialog Window Font"
137;"Title Bar"
138;"CelestialSphere"
142;"Standard Slider v6"
145;"FBoundingBoxSymbol"
148;"FPushButtonSymbol"
145;"FBoundingBoxSymbol"
151;"FCheckBoxSymbol"
153;"Panel Background"
153;"Panel Background"
153;"Panel Background"
153;"Panel Background"
151;"FCheckBoxSymbol"
151;"FCheckBoxSymbol"
151;"FCheckBoxSymbol"
151;"FCheckBoxSymbol"
148;"FPushButtonSymbol"
148;"FPushButtonSymbol"
142;"Standard Slider v6"
142;"Standard Slider v6"
138;"CelestialSphere"
137;"Title Bar"
157;"Alt Az Demo"
157;"Alt Az Demo"
