7;"BoundingBox"
9;"BrdrShdw"
11;"BrdrFace"
12;"SimpleButtonDown"
14;"BrdrBlk"
16;"BrdrHilght"
17;"SimpleButtonIn"
18;"SimpleButtonUp"
19;"Defaults"
20;"UIObjectExtensions"
21;"UIObject"
26;"FocusRect"
27;"FocusManager"
28;"UIComponentExtensions"
29;"UIComponent"
30;"SimpleButton"
31;"Border"
32;"RectBorder"
33;"ButtonSkin"
34;"Button"
37;"RadioFalseDisabled"
39;"RadioThemeColor1"
43;"RadioThemeColor2"
44;"RadioFalseDown"
45;"RadioFalseOver"
46;"RadioFalseUp"
47;"RadioTrueDisabled"
48;"RadioTrueUp"
49;"RadioButtonAssets"
50;"RadioButton"
50;"RadioButton"
77;"sun"
77;"sun"
77;"sun"
110;"sun_Gradient"
110;"sun_Gradient"
50;"RadioButton"
50;"RadioButton"
1;"__Packages.mx.core.UIObject"
2;"__Packages.mx.core.UIComponent"
3;"__Packages.mx.controls.SimpleButton"
4;"__Packages.mx.controls.Button"
5;"__Packages.mx.controls.RadioButton"
51;"__Packages.mx.skins.SkinElement"
52;"__Packages.mx.styles.CSSTextStyles"
53;"__Packages.mx.styles.StyleManager"
54;"__Packages.mx.styles.CSSStyleDeclaration"
55;"__Packages.mx.events.EventDispatcher"
56;"__Packages.mx.events.UIEventDispatcher"
57;"__Packages.mx.controls.RadioButtonGroup"
58;"__Packages.mx.skins.ColoredSkinElement"
59;"__Packages.mx.core.ext.UIObjectExtensions"
60;"__Packages.mx.skins.halo.Defaults"
61;"__Packages.mx.managers.DepthManager"
62;"__Packages.mx.managers.SystemManager"
63;"__Packages.mx.managers.FocusManager"
64;"__Packages.mx.skins.halo.FocusRect"
65;"__Packages.mx.managers.OverlappedWindows"
66;"__Packages.mx.styles.CSSSetStyle"
67;"__Packages.mx.core.ext.UIComponentExtensions"
68;"__Packages.mx.skins.Border"
69;"__Packages.mx.skins.RectBorder"
70;"__Packages.mx.skins.halo.RectBorder"
71;"__Packages.mx.skins.halo.ButtonSkin"
