109;"fl.controls.Button"
108;"NAAPTitleBar"
107;"NAAPTitleBar_backgroundSkin"
91;"EarthOrbitPlot"
85;"fl.controls.CheckBox"
84;"focusRectSkin"
82;"CheckBox_selectedDisabledIcon"
80;"CheckBox_selectedDownIcon"
79;"CheckBox_selectedOverIcon"
78;"CheckBox_selectedUpIcon"
75;"CheckBox_disabledIcon"
73;"CheckBox_downIcon"
71;"CheckBox_overIcon"
69;"CheckBox_upIcon"
67;"fl.core.ComponentShim"
64;"XTickmark"
61;"YTickmark"
58;"NewtonsCannon"
44;"Readout"
39;"ISS"
32;"Geosynch"
26;"Moon"
18;"GPS"
8;"NAAPDialogWindow_closeButtonIcon"
6;"NAAPDialogWindow_titleBarSkin"
4;"NAAPDialogWindow_closeButtonSkin"
2;"NAAP_focusRectSkin"
0;"earthOrbitPlot002_fla.MainTimeline"
