1;"Cubic Easing Class"
2;"Slider Logic Class v6"
8;"Slider Fonts v6"
10;"Interface Font"
13;"Dialog Window Font"
19;"Dialog Window Close Button"
21;"Mini Link"
24;"Mini About Link"
25;"Help"
36;"About"
37;"Dialog Window v2"
38;"CSGradientDisk"
40;"CSBelowHorizonPlane"
42;"CSAboveHorizonPlane"
43;"9 CS Lines"
44;"8 CS Circles"
45;"7 CS Objects"
46;"6 CS Shading"
47;"5 CS Horizon Plane"
48;"4 CS Mouse"
49;"3 CS Geometry"
50;"2 CS Getter Setter"
55;"direction labels light"
57;"GDEarthSimple"
65;"GDEarthDetailed"
65;"GDEarthDetailed"
67;"GDEarthWithObserver"
72;"GDMoon"
77;"GDSunRays"
79;"GDShadowMask"
83;"SunSymbol"
90;"GDTimeTicks"
92;"Stickman"
96;"MoonSymbol"
99;"Equatorial Plane Disc"
102;"moonPhaseImage"
104;"GDAngleLabel"
105;"toFixed"
107;"Moon Diagram Landmark"
108;"drawArc"
109;"Language Panel"
110;"Language Panel Option"
112;"Language Panel Checkmark"
115;"Embedded Fonts"
118;"Title Bar"
119;"GeometryDiagram"
121;"moonPhaseSymbol"
122;"CelestialSphere"
126;"Standard Slider v6"
128;"Panel Background"
128;"Panel Background"
128;"Panel Background"
128;"Panel Background"
128;"Panel Background"
132;"FBoundingBoxSymbol"
134;"FUIComponentSymbol"
157;"fcb_states"
159;"fcb_hitArea"
161;"FLabelSymbol"
163;"FCheckBoxSymbol"
163;"FCheckBoxSymbol"
163;"FCheckBoxSymbol"
132;"FBoundingBoxSymbol"
134;"FUIComponentSymbol"
191;"fpb_states"
192;"fpb_hitArea"
161;"FLabelSymbol"
194;"FPushButtonSymbol"
194;"FPushButtonSymbol"
194;"FPushButtonSymbol"
194;"FPushButtonSymbol"
194;"FPushButtonSymbol"
194;"FPushButtonSymbol"
194;"FPushButtonSymbol"
126;"Standard Slider v6"
122;"CelestialSphere"
194;"FPushButtonSymbol"
132;"FBoundingBoxSymbol"
134;"FUIComponentSymbol"
203;"DataProviderSymbol"
205;"FSelectableListSymbol"
134;"FUIComponentSymbol"
237;"DownArrow"
256;"ScrollThumb"
281;"UpArrow"
283;"FScrollBarSymbol"
285;"FScrollSelectListSymbol"
134;"FUIComponentSymbol"
287;"FHighlightSymbol"
161;"FLabelSymbol"
289;"FSelectableItemSymbol"
291;"FComboBoxItemSymbol"
293;"FComboBoxSymbol"
194;"FPushButtonSymbol"
121;"moonPhaseSymbol"
119;"GeometryDiagram"
118;"Title Bar"
