174;"variableStarPhotometryAnalyzer_fla.Coordinates_41"
165;"variableStarPhotometryAnalyzer_fla.LoadingInfo_39"
134;"fl.controls.Button"
133;"Button_upSkin"
131;"Button_selectedUpSkin"
129;"Button_selectedOverSkin"
127;"Button_selectedDownSkin"
125;"Button_selectedDisabledSkin"
123;"Button_overSkin"
121;"Button_emphasizedSkin"
119;"Button_downSkin"
117;"Button_disabledSkin"
115;"fl.controls.RadioButton"
114;"RadioButton_selectedDisabledIcon"
113;"RadioButton_selectedDownIcon"
112;"RadioButton_selectedOverIcon"
111;"RadioButton_selectedUpIcon"
107;"RadioButton_disabledIcon"
105;"RadioButton_downIcon"
103;"RadioButton_overIcon"
101;"RadioButton_upIcon"
99;"fl.controls.CheckBox"
98;"CheckBox_selectedDisabledIcon"
96;"CheckBox_selectedDownIcon"
95;"CheckBox_selectedOverIcon"
94;"CheckBox_selectedUpIcon"
91;"CheckBox_disabledIcon"
89;"CheckBox_downIcon"
87;"CheckBox_overIcon"
85;"CheckBox_upIcon"
83;"fl.controls.TextInput"
82;"TextInput_upSkin"
81;"TextInput_disabledSkin"
79;"fl.controls.DataGrid"
78;"DataGridCellEditor_skin"
76;"fl.controls.ScrollBar"
75;"ScrollBar_thumbIcon"
73;"ScrollArrowUp_disabledSkin"
71;"ScrollArrowDown_disabledSkin"
69;"ScrollArrowDown_upSkin"
67;"ScrollThumb_upSkin"
65;"ScrollArrowUp_upSkin"
63;"ScrollArrowUp_overSkin"
61;"ScrollThumb_overSkin"
59;"ScrollArrowDown_overSkin"
57;"ScrollThumb_downSkin"
55;"ScrollArrowDown_downSkin"
53;"ScrollArrowUp_downSkin"
50;"ScrollTrack_skin"
48;"DataGrid_skin"
46;"ColumnStretch_cursor"
44;"focusRectSkin"
42;"fl.controls.listClasses.CellRenderer"
41;"CellRenderer_selectedUpSkin"
39;"CellRenderer_selectedOverSkin"
37;"CellRenderer_selectedDownSkin"
35;"CellRenderer_selectedDisabledSkin"
33;"CellRenderer_overSkin"
31;"CellRenderer_downSkin"
29;"CellRenderer_disabledSkin"
27;"CellRenderer_upSkin"
25;"HeaderSortArrow_descIcon"
23;"HeaderSortArrow_ascIcon"
21;"fl.controls.dataGridClasses.HeaderRenderer"
20;"HeaderRenderer_selectedUpSkin"
18;"HeaderRenderer_selectedOverSkin"
16;"HeaderRenderer_selectedDownSkin"
15;"HeaderRenderer_selectedDisabledSkin"
13;"HeaderRenderer_overSkin"
11;"HeaderRenderer_downSkin"
9;"HeaderRenderer_disabledSkin"
7;"HeaderRenderer_upSkin"
5;"fl.core.ComponentShim"
2;"TextInput_upSkinActive"
0;"variableStarPhotometryAnalyzer_fla.MainTimeline"
